event_id,file_name,start_sample,event_time_s,peak_rank,frequency_khz,magnitude
1,20221018_140051.mat,14726,0.014726,1,235,0.0274343502526187
2,20221018_140051.mat,34626,0.034626,1,225,0.0287398176570305
3,20221018_140051.mat,154623,0.154623,1,165,0.0375438307513932
4,20221018_140051.mat,174523,0.174523,1,245,0.0271724619625339
5,20221018_140051.mat,234621,0.234621,1,245,0.0289873625378167
6,20221018_140051.mat,244571,0.244571,1,220,0.0268922924632874
7,20221018_140051.mat,248153,0.248153,1,160,0.065690466790999
8,20221018_140051.mat,354419,0.354419,1,160,0.0353303878193372
9,20221018_140051.mat,424467,0.424467,1,180,0.0363822424652435
10,20221018_140051.mat,444367,0.444367,1,185,0.0333983371383588
11,20221018_140051.mat,514415,0.514415,1,160,0.0264719380546778
12,20221018_140051.mat,554215,0.554215,1,185,0.0322057251103933
13,20221018_140051.mat,684162,0.684162,1,205,0.033027819453971
14,20221018_140051.mat,704261,0.704261,1,185,0.0435442756879866
15,20221018_140051.mat,754210,0.75421,1,160,0.0351153732805392
16,20221018_140051.mat,844158,0.844158,1,165,0.0356539916638729
17,20221018_140051.mat,894107,0.894107,1,165,0.0389536374910035
18,20221018_140051.mat,924156,0.924156,1,155,0.0363467924773106
19,20221018_140051.mat,984055,0.984055,1,155,0.0291464079942015
20,20221018_140051.mat,1003955,1.003955,1,185,0.0304884646958475
21,20221018_140051.mat,1083953,1.083953,1,210,0.0326357999867776
22,20221018_140051.mat,1114002,1.114002,1,230,0.026141612076666
23,20221018_140051.mat,1123952,1.123952,1,235,0.0304372975548743
24,20221018_140051.mat,1163951,1.163951,1,185,0.0349777858041966
25,20221018_140051.mat,1303848,1.303848,1,170,0.032267918325834
26,20221018_140051.mat,1353797,1.353797,1,155,0.0295067326866138
27,20221018_140051.mat,1374891,1.374891,1,170,0.0602281249615744
28,20221018_140051.mat,1413696,1.413696,1,145,0.0394462164902354
29,20221018_140051.mat,1433596,1.433596,1,170,0.0413546919518714
30,20221018_140051.mat,1453695,1.453695,1,210,0.0336030090309128
31,20221018_140051.mat,1493694,1.493694,1,200,0.0296506868820765
32,20221018_140051.mat,1503644,1.503644,1,180,0.0300630533084252
33,20221018_140051.mat,1553593,1.553593,1,165,0.034029609104922
34,20221018_140051.mat,1593592,1.593592,1,155,0.0346878529906566
35,20221018_140051.mat,1603542,1.603542,1,165,0.0346053330843921
36,20221018_140051.mat,1644337,1.644337,1,155,0.0971956398246902
37,20221018_140051.mat,1653491,1.653491,1,265,0.0259439087550605
38,20221018_140051.mat,1713390,1.71339,1,170,0.0306505623667478
39,20221018_140051.mat,1863436,1.863436,1,175,0.0312862005227206
40,20221018_140051.mat,1890102,1.890102,1,160,0.112867985245456
41,20221018_140051.mat,1903435,1.903435,1,245,0.0343503080312766
42,20221018_140051.mat,1913385,1.913385,1,185,0.035987012825242
43,20221018_140051.mat,2033183,2.033183,1,180,0.0367808059480903
44,20221018_140051.mat,2053282,2.053282,1,195,0.0274411361856562
45,20221018_140051.mat,2063232,2.063232,1,105,0.033287126738156
46,20221018_140051.mat,2093281,2.093281,1,180,0.0298806203375235
47,20221018_140051.mat,2213079,2.213079,1,160,0.0370049681294691
48,20221018_140051.mat,2263028,2.263028,1,245,0.0302005932255549
49,20221018_140051.mat,2272978,2.272978,1,180,0.0330816637097126
50,20221018_140051.mat,2283127,2.283127,1,220,0.0316709243307208
51,20221018_140051.mat,2303027,2.303027,1,180,0.0283574902358136
52,20221018_140051.mat,2312380,2.31238,1,180,0.230604717382555
53,20221018_140051.mat,2338847,2.338847,1,165,0.0503366517175703
54,20221018_140051.mat,2352976,2.352976,1,180,0.0372678136497943
55,20221018_140051.mat,2373075,2.373075,1,230,0.0350727822947319
56,20221018_140051.mat,2472973,2.472973,1,180,0.0315329202796406
57,20221018_140051.mat,2482923,2.482923,1,295,0.0345340747534944
58,20221018_140051.mat,2552772,2.552772,1,280,0.0323843889436409
59,20221018_140051.mat,2632770,2.63277,1,210,0.0319512934651646
60,20221018_140051.mat,2692669,2.692669,1,120,0.0322560407482334
61,20221018_140051.mat,2698042,2.698042,1,160,0.162378995326109
62,20221018_140051.mat,2698241,2.698241,1,175,0.0564150690691856
63,20221018_140051.mat,2702818,2.702818,1,255,0.0294548627537649
64,20221018_140051.mat,2762717,2.762717,1,175,0.0281259216285804
65,20221018_140051.mat,2782816,2.782816,1,185,0.0435132873580899
66,20221018_140051.mat,2802716,2.802716,1,175,0.0323496813145778
67,20221018_140051.mat,2812666,2.812666,1,225,0.029325721027565
68,20221018_140051.mat,2862615,2.862615,1,175,0.0365626380275385
69,20221018_140051.mat,2882714,2.882714,1,230,0.0336545398168105
70,20221018_140051.mat,2992562,2.992562,1,250,0.0305432464252592
71,20221018_140051.mat,2993358,2.993358,1,160,0.477513715617888
72,20221018_140051.mat,3022611,3.022611,1,160,0.0275300886349197
73,20221018_140051.mat,3042511,3.042511,1,235,0.0304741895810468
74,20221018_140051.mat,3062610,3.06261,1,180,0.0354668191981875
75,20221018_140051.mat,3108778,3.108778,1,160,0.0542469203310061
76,20221018_140051.mat,3172458,3.172458,1,275,0.0370038403810559
77,20221018_140051.mat,3189174,3.189174,1,160,0.074631103323717
78,20221018_140051.mat,3192358,3.192358,1,165,0.0369969575595833
79,20221018_140051.mat,3242307,3.242307,1,185,0.028889436510742
80,20221018_140051.mat,3292256,3.292256,1,90,0.0258946181921081
81,20221018_140051.mat,3303002,3.303002,1,160,0.0427804761232665
82,20221018_140051.mat,3372254,3.372254,1,165,0.0350573280257463
83,20221018_140051.mat,3408273,3.408273,1,135,0.0524305747187102
84,20221018_140051.mat,3408472,3.408472,1,160,0.0747413731001
85,20221018_140051.mat,3492251,3.492251,1,190,0.0335555491883221
86,20221018_140051.mat,3512151,3.512151,1,185,0.035013013776503
87,20221018_140051.mat,3612049,3.612049,1,155,0.0397686327211262
88,20221018_140051.mat,3642098,3.642098,1,205,0.0377187692627091
89,20221018_140051.mat,3652048,3.652048,1,180,0.0391702800806185
90,20221018_140051.mat,3677719,3.677719,1,160,0.0817874181949971
91,20221018_140051.mat,3701997,3.701997,1,180,0.0342789193256894
92,20221018_140051.mat,3722096,3.722096,1,160,0.0400305229406238
93,20221018_140051.mat,3762095,3.762095,1,190,0.0299138865710007
94,20221018_140051.mat,3821994,3.821994,1,225,0.034857956059827
95,20221018_140051.mat,3833536,3.833536,1,160,0.0616583106784508
96,20221018_140051.mat,3881893,3.881893,1,160,0.0430324366724559
97,20221018_140051.mat,3931842,3.931842,1,180,0.0341316816937919
98,20221018_140051.mat,3941991,3.941991,1,205,0.0262031480652957
99,20221018_140051.mat,3951941,3.951941,1,180,0.0332959239614748
100,20221018_140051.mat,3991940,3.99194,1,235,0.0365331252026828
101,20221018_140051.mat,4045869,4.045869,1,175,0.0595335173375758
102,20221018_140051.mat,4051839,4.051839,1,140,0.0277612253213128
103,20221018_140051.mat,4067958,4.067958,1,155,0.0758891569261506
104,20221018_140051.mat,4131837,4.131837,1,215,0.027898495766872
105,20221018_140051.mat,4251635,4.251635,1,165,0.0349967888462323
106,20221018_140051.mat,4263177,4.263177,1,185,0.0858272648496256
107,20221018_140051.mat,4263376,4.263376,1,160,0.106879688644453
108,20221018_140051.mat,4271734,4.271734,1,160,0.0340427224391003
109,20221018_140051.mat,4321683,4.321683,1,185,0.0253486095883176
110,20221018_140051.mat,4341583,4.341583,1,160,0.0416748177697595
111,20221018_140051.mat,4356906,4.356906,1,165,0.0711647855109991
112,20221018_140051.mat,4357105,4.357105,1,160,0.0513704763839993
113,20221018_140051.mat,4391532,4.391532,1,265,0.0357317978798639
114,20221018_140051.mat,4409243,4.409243,1,140,0.0406868857595077
115,20221018_140051.mat,4409442,4.409442,1,160,0.0752269995736492
116,20221018_140051.mat,4431531,4.431531,1,155,0.0367328908341177
117,20221018_140051.mat,4471530,4.47153,1,170,0.0454831645144256
118,20221018_140051.mat,4491430,4.49143,1,160,0.0371522851569895
119,20221018_140051.mat,4681475,4.681475,1,165,0.0289248323136344
120,20221018_140051.mat,4751324,4.751324,1,165,0.0376058430515012
121,20221018_140051.mat,4766249,4.766249,1,170,0.043980143479398
122,20221018_140051.mat,4766448,4.766448,1,160,0.0513588415257299
123,20221018_140051.mat,4894405,4.894405,1,155,0.0686765571133098
124,20221018_140051.mat,4959478,4.959478,1,165,0.0639693868630773
125,20221018_140051.mat,4991119,4.991119,1,230,0.0325299328322983
