event_id,file_name,start_sample,event_time_s,rms,threshold,valid_peak_count
1,20221018_140051.mat,14726,0.014726,0.000964246260632061,0.000936393307860975,3
2,20221018_140051.mat,34626,0.034626,0.000948531046032904,0.000936393307860975,3
3,20221018_140051.mat,154623,0.154623,0.00105689270960254,0.000936393307860975,3
4,20221018_140051.mat,174523,0.174523,0.00096666543197927,0.000936393307860975,3
5,20221018_140051.mat,234621,0.234621,0.000941106936074125,0.000936393307860975,3
6,20221018_140051.mat,244571,0.244571,0.000961906131077774,0.000936393307860975,3
7,20221018_140051.mat,248153,0.248153,0.00125275584261731,0.000936393307860975,3
8,20221018_140051.mat,354419,0.354419,0.000983715681673946,0.000936393307860975,3
9,20221018_140051.mat,424467,0.424467,0.00100267615628756,0.000936393307860975,3
10,20221018_140051.mat,444367,0.444367,0.000973360902697165,0.000936393307860975,3
11,20221018_140051.mat,514415,0.514415,0.000965142279829953,0.000936393307860975,3
12,20221018_140051.mat,554215,0.554215,0.000979645792775079,0.000936393307860975,3
13,20221018_140051.mat,684162,0.684162,0.000974012042349428,0.000936393307860975,3
14,20221018_140051.mat,704261,0.704261,0.00108230375351808,0.000936393307860975,3
15,20221018_140051.mat,754210,0.75421,0.000987710021855482,0.000936393307860975,3
16,20221018_140051.mat,844158,0.844158,0.00102274751791843,0.000936393307860975,3
17,20221018_140051.mat,894107,0.894107,0.00108236925844771,0.000936393307860975,3
18,20221018_140051.mat,924156,0.924156,0.00103811690087731,0.000936393307860975,3
19,20221018_140051.mat,984055,0.984055,0.00100371475030049,0.000936393307860975,3
20,20221018_140051.mat,1003955,1.003955,0.000939853852034636,0.000936393307860975,3
21,20221018_140051.mat,1083953,1.083953,0.00102574348723721,0.000936393307860975,3
22,20221018_140051.mat,1114002,1.114002,0.000973145225284987,0.000936393307860975,3
23,20221018_140051.mat,1123952,1.123952,0.000950651806562107,0.000936393307860975,3
24,20221018_140051.mat,1163951,1.163951,0.000947861422322641,0.000936393307860975,3
25,20221018_140051.mat,1303848,1.303848,0.00106980650833656,0.000936393307860975,3
26,20221018_140051.mat,1353797,1.353797,0.000967328967086745,0.000936393307860975,3
27,20221018_140051.mat,1374891,1.374891,0.00119089321798085,0.000936393307860975,3
28,20221018_140051.mat,1413696,1.413696,0.000962016977325461,0.000936393307860975,3
29,20221018_140051.mat,1433596,1.433596,0.000996445765119503,0.000936393307860975,3
30,20221018_140051.mat,1453695,1.453695,0.000962856703204099,0.000936393307860975,3
31,20221018_140051.mat,1493694,1.493694,0.00096188485016622,0.000936393307860975,3
32,20221018_140051.mat,1503644,1.503644,0.000971696387830228,0.000936393307860975,3
33,20221018_140051.mat,1553593,1.553593,0.00094500589199077,0.000936393307860975,3
34,20221018_140051.mat,1593592,1.593592,0.00100715544574686,0.000936393307860975,3
35,20221018_140051.mat,1603542,1.603542,0.000939204393823904,0.000936393307860975,3
36,20221018_140051.mat,1644337,1.644337,0.00126290704309121,0.000936393307860975,3
37,20221018_140051.mat,1653491,1.653491,0.000951699660251442,0.000936393307860975,3
38,20221018_140051.mat,1713390,1.71339,0.000936648742624599,0.000936393307860975,3
39,20221018_140051.mat,1863436,1.863436,0.000944326671610955,0.000936393307860975,3
40,20221018_140051.mat,1890102,1.890102,0.00166039639600411,0.000936393307860975,3
41,20221018_140051.mat,1903435,1.903435,0.000974363326935408,0.000936393307860975,3
42,20221018_140051.mat,1913385,1.913385,0.000953243317717211,0.000936393307860975,3
43,20221018_140051.mat,2033183,2.033183,0.00104315914698769,0.000936393307860975,3
44,20221018_140051.mat,2053282,2.053282,0.000948552626538967,0.000936393307860975,3
45,20221018_140051.mat,2063232,2.063232,0.000948136039848499,0.000936393307860975,3
46,20221018_140051.mat,2093281,2.093281,0.000936903806987737,0.000936393307860975,3
47,20221018_140051.mat,2213079,2.213079,0.00109141541611772,0.000936393307860975,3
48,20221018_140051.mat,2263028,2.263028,0.000970088867842508,0.000936393307860975,3
49,20221018_140051.mat,2272978,2.272978,0.000978190032372225,0.000936393307860975,3
50,20221018_140051.mat,2283127,2.283127,0.000963074684699758,0.000936393307860975,3
51,20221018_140051.mat,2303027,2.303027,0.000960170208410345,0.000936393307860975,3
52,20221018_140051.mat,2312380,2.31238,0.0038126375041075,0.000936393307860975,3
53,20221018_140051.mat,2338847,2.338847,0.00106617023922761,0.000936393307860975,3
54,20221018_140051.mat,2352976,2.352976,0.00105159905780521,0.000936393307860975,3
55,20221018_140051.mat,2373075,2.373075,0.00101361726388419,0.000936393307860975,3
56,20221018_140051.mat,2472973,2.472973,0.000965866974103365,0.000936393307860975,3
57,20221018_140051.mat,2482923,2.482923,0.000954611975830035,0.000936393307860975,3
58,20221018_140051.mat,2552772,2.552772,0.00096852441108285,0.000936393307860975,3
59,20221018_140051.mat,2632770,2.63277,0.000982001825857826,0.000936393307860975,3
60,20221018_140051.mat,2692669,2.692669,0.00102153865463699,0.000936393307860975,3
61,20221018_140051.mat,2698042,2.698042,0.00360859523266538,0.000936393307860975,3
62,20221018_140051.mat,2698241,2.698241,0.00106851992237806,0.000936393307860975,3
63,20221018_140051.mat,2702818,2.702818,0.000946187253012116,0.000936393307860975,3
64,20221018_140051.mat,2762717,2.762717,0.000943837639764882,0.000936393307860975,3
65,20221018_140051.mat,2782816,2.782816,0.000952746361486423,0.000936393307860975,3
66,20221018_140051.mat,2802716,2.802716,0.00102136904497623,0.000936393307860975,3
67,20221018_140051.mat,2812666,2.812666,0.000951114836470584,0.000936393307860975,3
68,20221018_140051.mat,2862615,2.862615,0.000982358021121746,0.000936393307860975,3
69,20221018_140051.mat,2882714,2.882714,0.000947196824168076,0.000936393307860975,3
70,20221018_140051.mat,2992562,2.992562,0.00101717887608614,0.000936393307860975,3
71,20221018_140051.mat,2993358,2.993358,0.00618216611608682,0.000936393307860975,3
72,20221018_140051.mat,3022611,3.022611,0.000938002531000452,0.000936393307860975,3
73,20221018_140051.mat,3042511,3.042511,0.000993095952353509,0.000936393307860975,3
74,20221018_140051.mat,3062610,3.06261,0.000988772993115516,0.000936393307860975,3
75,20221018_140051.mat,3108778,3.108778,0.000975469650467093,0.000936393307860975,3
76,20221018_140051.mat,3172458,3.172458,0.000938507294383036,0.000936393307860975,3
77,20221018_140051.mat,3189174,3.189174,0.000958529964018803,0.000936393307860975,3
78,20221018_140051.mat,3192358,3.192358,0.000983397258090388,0.000936393307860975,3
79,20221018_140051.mat,3242307,3.242307,0.000952261653563107,0.000936393307860975,3
80,20221018_140051.mat,3292256,3.292256,0.000936746285735517,0.000936393307860975,3
81,20221018_140051.mat,3303002,3.303002,0.000948995110694955,0.000936393307860975,3
82,20221018_140051.mat,3372254,3.372254,0.000955008784857836,0.000936393307860975,3
83,20221018_140051.mat,3408273,3.408273,0.0012463541856212,0.000936393307860975,3
84,20221018_140051.mat,3408472,3.408472,0.00121983910475949,0.000936393307860975,3
85,20221018_140051.mat,3492251,3.492251,0.0009532003686115,0.000936393307860975,3
86,20221018_140051.mat,3512151,3.512151,0.00095837153165367,0.000936393307860975,3
87,20221018_140051.mat,3612049,3.612049,0.000996408041257953,0.000936393307860975,3
88,20221018_140051.mat,3642098,3.642098,0.00103003883397075,0.000936393307860975,3
89,20221018_140051.mat,3652048,3.652048,0.000990358828699299,0.000936393307860975,3
90,20221018_140051.mat,3677719,3.677719,0.00111581206698216,0.000936393307860975,3
91,20221018_140051.mat,3701997,3.701997,0.000964600138792936,0.000936393307860975,3
92,20221018_140051.mat,3722096,3.722096,0.000991896540809778,0.000936393307860975,3
93,20221018_140051.mat,3762095,3.762095,0.000943003670002678,0.000936393307860975,3
94,20221018_140051.mat,3821994,3.821994,0.00101373934293626,0.000936393307860975,3
95,20221018_140051.mat,3833536,3.833536,0.000982450080575483,0.000936393307860975,3
96,20221018_140051.mat,3881893,3.881893,0.00103486241964429,0.000936393307860975,3
97,20221018_140051.mat,3931842,3.931842,0.000943627836490904,0.000936393307860975,3
98,20221018_140051.mat,3941991,3.941991,0.000938134449818388,0.000936393307860975,3
99,20221018_140051.mat,3951941,3.951941,0.000941018941045012,0.000936393307860975,3
100,20221018_140051.mat,3991940,3.99194,0.00100441253921759,0.000936393307860975,3
101,20221018_140051.mat,4045869,4.045869,0.00108644075287653,0.000936393307860975,3
102,20221018_140051.mat,4051839,4.051839,0.000977136497536156,0.000936393307860975,3
103,20221018_140051.mat,4067958,4.067958,0.00124904134770826,0.000936393307860975,3
104,20221018_140051.mat,4131837,4.131837,0.00097524661503578,0.000936393307860975,3
105,20221018_140051.mat,4251635,4.251635,0.000959836023770743,0.000936393307860975,3
106,20221018_140051.mat,4263177,4.263177,0.00154887679903822,0.000936393307860975,3
107,20221018_140051.mat,4263376,4.263376,0.00141452793953252,0.000936393307860975,3
108,20221018_140051.mat,4271734,4.271734,0.00101116356445235,0.000936393307860975,3
109,20221018_140051.mat,4321683,4.321683,0.000960543410705919,0.000936393307860975,3
110,20221018_140051.mat,4341583,4.341583,0.00103704116390829,0.000936393307860975,3
111,20221018_140051.mat,4356906,4.356906,0.00133703873094205,0.000936393307860975,3
112,20221018_140051.mat,4357105,4.357105,0.00106705025507273,0.000936393307860975,3
113,20221018_140051.mat,4391532,4.391532,0.00102639384836624,0.000936393307860975,3
114,20221018_140051.mat,4409243,4.409243,0.000970347416633779,0.000936393307860975,3
115,20221018_140051.mat,4409442,4.409442,0.00111927643329052,0.000936393307860975,3
116,20221018_140051.mat,4431531,4.431531,0.000987935515742175,0.000936393307860975,3
117,20221018_140051.mat,4471530,4.47153,0.0009872140159712,0.000936393307860975,3
118,20221018_140051.mat,4491430,4.49143,0.000968656591452826,0.000936393307860975,3
119,20221018_140051.mat,4681475,4.681475,0.000990754279792275,0.000936393307860975,3
120,20221018_140051.mat,4751324,4.751324,0.00100666476963532,0.000936393307860975,3
121,20221018_140051.mat,4766249,4.766249,0.000959728417199871,0.000936393307860975,3
122,20221018_140051.mat,4766448,4.766448,0.000995746691376221,0.000936393307860975,3
123,20221018_140051.mat,4894405,4.894405,0.00108645959406535,0.000936393307860975,3
124,20221018_140051.mat,4959478,4.959478,0.000984275843649607,0.000936393307860975,3
125,20221018_140051.mat,4991119,4.991119,0.000964937108768707,0.000936393307860975,3
